Restaurant Name,Location,Review,Cuisine,Longitude,Latitude
National Restaurant Cevabdzinica Tima Irma,"Onescukova BB, Mostar 88000 Bosnia and Herzegovina",5.0 ,Eastern European,17.8121762,43.3371511
Restoran Lagero,"Tabhana b.b., Mostar 88000 Bosnia and Herzegovina",4.5 ,"Eastern European, Mediterranean, European, Healthy, Central European, Grill",17.814146,43.3375633
Food House Mostar,"Rade Bitange 12, Mostar 88104 Bosnia and Herzegovina",4.5 ,NONE,17.8136339,43.3375099
Restoran Hindin Han,"Jusovina bb, Mostar 88000 Bosnia and Herzegovina",4.5 ,"Mediterranean, Barbecue, European, Eastern European, Central European",17.8137424,43.3368596
Konoba Taurus,"Kriva Cuprija 4 next to Crooked bridge, Mostar 88000 Bosnia and Herzegovina",4.5 ,"Mediterranean, Barbecue, European, Eastern European, Croatian, Central European",17.8134282,43.3367525
Sadrvan,"Jusovina 11 STARI GRAD MOSTAR, Mostar 88000 Bosnia and Herzegovina",4.5 ,"Vegetarian Friendly, Vegan Options, Gluten Free Options",17.8139846,43.3371117
Urban taste of orient,"Mala Tepa 22, Mostar 88000 Bosnia and Herzegovina",4.5 ,Vegetarian Friendly,17.8149563,43.3385649
Pablo's Restaurant & Club,"Kneza Branimira 11, Mostar 88000 Bosnia and Herzegovina",5.0 ,NONE,17.8005016,43.34045
Megi,"Kralja Tomislava 29, Mostar Bosnia and Herzegovina",4.5 ,"Vegetarian Friendly, Vegan Options",17.8007839,43.3501688
Emen,"Onescukova 32, Mostar 88000 Bosnia and Herzegovina",4.5 ,Vegetarian Friendly,17.8128162,43.3370522
Restoran Podrum,"Oneskucova 28, Mostar 88000 Bosnia and Herzegovina",4.5 ,Vegetarian Friendly,17.8077578,43.34377480000001
Restoran Harmonija,"Rade Bitange 18, Mostar 88000 Bosnia and Herzegovina",4.5 ,"Vegan Options, Vegetarian Friendly",17.8119948,43.3387108
Restoran Divan,"Jusovina B.B., Mostar 88000 Bosnia and Herzegovina",4.0 ,"International, European, Eastern European",17.8137424,43.3368596
Craft Beer Garden #imaimoze,"Gojka Vukovica 4 1. Zimske prostorije, 2. Ljetna bašta iznad Radobolje na drugoj strani ulice, Mostar 88000 Bosnia and Herzegovina",5.0 ,"Bar, Pub, Brew Pub, Healthy, Gastropub",17.8128246,43.3374542
caffe bar Nide Veze,"Husnije Repca 3, Mostar 88000 Bosnia and Herzegovina",4.5 ,"Bar, Central European",17.8104901,43.3383997
Del Rio,"Kardinala Stepinca 12, Mostar 88000 Bosnia and Herzegovina",4.0 ,Vegetarian Friendly,17.8100051,43.3486467
Restaurant Mediterana Delicata,"Kresina bb. Bb, Mostar 88000 Bosnia and Herzegovina",4.5 ,"Vegetarian Friendly, Vegan Options",17.81241,43.3423912
Restaurant Pod Lipom,"Rodochkih branitelja 44, Mostar 88000 Bosnia and Herzegovina",5.0 ,"Seafood, Barbecue",17.8185656,43.3181981
Karting Klub,"Vukarska bb, Mostar Bosnia and Herzegovina",4.5 ,"Vegetarian Friendly, Vegan Options",17.8077578,43.34377480000001
Restoran Europa,"Kurluk 4, Mostar 88000 Bosnia and Herzegovina",4.0 ,"Lunch, Dinner, Brunch",17.8077578,43.34377480000001
Teco,"Stjepana Radica, Mostar Bosnia and Herzegovina",5.0 ,"Cafe, Healthy, European, Gastropub",17.8002821,43.3464566
Restaurant Schumann,"Fra Didaka Buntica 117, Mostar 88000 Bosnia and Herzegovina",5.0 ,Vegetarian Friendly,17.7998443,43.3374898
Caffe Pizzeria Porto,"Brkica 1a 200 M From Old Bridge, Mostar 88104 Bosnia and Herzegovina",4.5 ,"Vegetarian Friendly, Vegan Options",17.8150151,43.3372849
Restaurant Taurus,"Onescukova, Mostar Bosnia and Herzegovina",4.5 ,"Lunch, Dinner",17.8121762,43.3371511
Restoran Prestige,"Kardinala Stepinca B.B Mepas Mall, Mostar 88000 Bosnia and Herzegovina",4.0 ,"Breakfast, Lunch, Dinner, Brunch",17.8047832,43.3481534
Stari Grad Cafe,"Onescukova 2, Mostar Bosnia and Herzegovina",4.0 ,"Seating, Table Service, Outdoor Seating, Serves Alcohol",17.8145212,43.3372153
Restaurant Kulluk,"Kurluk Br. 1, Mostar 88000 Bosnia and Herzegovina",4.0 ,"Mediterranean, European, Eastern European",17.8077578,43.34377480000001
Grill Centar,"Brace Fejica 13, Mostar Bosnia and Herzegovina",4.5 ,"Lunch, Dinner",17.8124602,43.3429906
Restoran Babilon,"Tabhana bb, Mostar Bosnia and Herzegovina",3.5 ,Vegetarian Friendly,17.814146,43.3375633
Blok bar & restaurant,"Kneza Visheslava b.b. SPC Orca, Mostar 88000 Bosnia and Herzegovina",5.0 ,"Mexican, American, International, Mediterranean",17.8046364,43.3498656
Mala Stanica,"Kralja Petra I Karadjordjevica Bb, Banja Luka 78000 Bosnia and Herzegovina",4.5 ,"Mediterranean, European, Eastern European, Central European",17.1904534,44.771638
Kazamat,"Tvrdjava Kastel Teodora Kolokotronisa bb, Banja Luka 78000 Bosnia and Herzegovina",4.0 ,"Vegetarian Friendly, Vegan Options, Gluten Free Options",17.190667,44.7665926
Vrbas,"Brace Potkonjaka 1, Banja Luka 78000 Bosnia and Herzegovina",4.5 ,Vegetarian Friendly,17.1899468,44.7649774
Obelix,"Pete Kozarske Brigade 19, Banja Luka 78000 Bosnia and Herzegovina",4.5 ,"Lunch, Dinner",17.1769149,44.7563972
Restaurant & Lounge Bar Integra,"Trg Republike Srpske 8, Banja Luka 78000 Bosnia and Herzegovina",4.5 ,"Dinner, Breakfast, Lunch, Brunch",17.1987614,44.7781882
Stara Ada,"Veljka Mladjenovica Ada, Banja Luka 78000 Bosnia and Herzegovina",4.0 ,Vegan Options,17.2223457,44.7720002
Restoran Aj'Zdravo,"Vidovdanska 6, Banja Luka 78000 Bosnia and Herzegovina",4.5 ,"Vegetarian Friendly, Vegan Options, Gluten Free Options",17.1913055,44.7744504
Lovacki Bar,"Slatinska 37 Trapisti, Banja Luka Bosnia and Herzegovina",5.0 ,"Breakfast, Lunch, Dinner",17.2252367,44.807193
Rijeka - Bar & Restaurant,"Bogdana Marica 14, Banja Luka 78000 Bosnia and Herzegovina",4.5 ,"Vegetarian Friendly, Vegan Options",17.1714319,44.7519733
Picerija Kod Brke,"Ulica Srpska 36, Banja Luka 78000 Bosnia and Herzegovina",4.0 ,Vegetarian Friendly,17.1955912,44.7700808
Restaurant Monogram,"Svetozara Markovica 5j, Banja Luka 78000 Bosnia and Herzegovina",4.5 ,"Dinner, Breakfast, Lunch, Brunch, Drinks",17.1914123,44.7775595
Trezor,"Ivana Franje Jukica 7, Banja Luka 78000 Bosnia and Herzegovina",4.5 ,"International, Cafe, European, Central European",17.1917582,44.7704634
Pite pod sacem,"Patrijarha Makarija Sokolovica 1, Banja Luka 78000 Bosnia and Herzegovina",5.0 ,"Breakfast, Lunch, Dinner, Brunch",17.1875579,44.7671091
Rostiljnica a&D,"Grcka 32, Banja Luka 78000 Bosnia and Herzegovina",4.5 ,"Lunch, Dinner",17.1882228,44.7742419
Slasticarna Manja,"Kralja Petra I Karadordevica 62, Banja Luka 78000 Bosnia and Herzegovina",4.5 ,"Takeout, Seating, Table Service",17.186905,44.76784360000001
Kod Muje,"Bana Milosavljevi A BB, Banja Luka 78000 Bosnia and Herzegovina",4.0 ,"Lunch, Dinner",17.2040237,44.7643189
Chiquita Cocina Mexicana,"Braće Mažar i majke Marije 4, Hanište, Banja Luka 78000 Bosnia and Herzegovina",5.0 ,"Lunch, Dinner",17.1842651,44.7685906
Rotkvica,"Brace Pantica 6, Banja Luka 78000 Bosnia and Herzegovina",4.5 ,"Breakfast, Brunch, Lunch, Dinner, Late Night, Drinks",17.1864857,44.7712655
Sladoled kod Slavice,"I Krajiskog Korpusa, Banja Luka 78000 Bosnia and Herzegovina",5.0 ,"Takeout, Seating",17.2040237,44.7643189
Marcello,"Bana Milosavljevića 30, Banja Luka Bosnia and Herzegovina",4.0 ,Vegetarian Friendly,17.1936865,44.7733781
Mala Skadarlija,"Stepe Stepanovica 7, Banja Luka 78000 Bosnia and Herzegovina",4.5 ,"Barbecue, European, Eastern European",17.192261,44.7623708
Impero Romano,"Ilije Garasanina Bb, Banja Luka 78000 Bosnia and Herzegovina",4.5 ,"Breakfast, Lunch, Dinner, Drinks",17.2165351,44.7971846
Alas,"Brace Mazar i majke Marije 48, Banja Luka Bosnia and Herzegovina",4.0 ,"Seafood, European",17.1818386,44.7697449
Banjalucki Splav,"Ulica Patre bb, Banja Luka 78000 Bosnia and Herzegovina",4.0 ,"Lunch, Dinner, Late Night",17.1870777,44.7662769
"Grill & caffe ""Pod lipom""","Kralja Petra I Karadjordjevica 10 Centar, Banja Luka 78000 Bosnia and Herzegovina",5.0 ,Grill,17.1853651,44.7655835
Gotiva Knedle,"Nikole Pašića 29, Banja Luka 78000 Bosnia and Herzegovina",5.0 ,"Breakfast, Lunch, Dinner",17.1970532,44.7713322
Marco Polo,"Bulevar Stepe Stepanovica 185A, Banja Luka 78000 Bosnia and Herzegovina",4.0 ,"Breakfast, Lunch, Dinner, Drinks",17.2081203,44.7665481
Agape,"Trg Krajine 2, Banja Luka 78000 Bosnia and Herzegovina",4.0 ,"Central European, Italian, Mediterranean, European, Eastern European",17.1896325,44.7699973
Citadela,"Ulica Kralja Alfonsa Xiii Br. 2, Banja Luka 78000 Bosnia and Herzegovina",4.0 ,Dinner,17.1910876,44.7711069
Don Sergio,"Bulevar Srpske Vojske 8 Delta Planet, Banja Luka 78000 Bosnia and Herzegovina",4.0 ,"Breakfast, Lunch, Dinner, Brunch, Late Night, Drinks",17.2069406,44.7799895
Limenka,"Patriotske lige br. 24, Tuzla 75000 Bosnia and Herzegovina",4.5 ,"Lunch, Dinner",18.6781567,44.5390813
Mama Mia Restaurant Tuzla,"Univerzitetska 16, Tuzla 75000 Bosnia and Herzegovina",4.5 ,Vegetarian Friendly,18.6649306,44.5385806
MamaMia Origins Steak & Wine Restaurant,"Trg Slobode Bb, Tuzla 75000 Bosnia and Herzegovina",4.5 ,"Steakhouse, Mediterranean, Barbecue, European, Central European",18.6747998,44.5391866
Pivnica Taverna,"Marshala Tita 163, Tuzla 75000 Bosnia and Herzegovina",4.0 ,"Lunch, Dinner",18.6897106,44.5352816
Restoran Carsijska Cesma,"Trg Zrtava Gen. U Srebrenici 2, Tuzla 75000 Bosnia and Herzegovina",4.5 ,"Dinner, Brunch, Lunch",19.2997218,44.1039762
Sarajka,"Dzemala Bijedica 2, Tuzla 75000 Bosnia and Herzegovina",4.5 ,"Eastern European, Fast Food, Barbecue, European",18.6912073,44.5344564
Makedonka,"Armije BiH 180, Tuzla 75000 Bosnia and Herzegovina",4.5 ,"Lunch, Dinner, Brunch",18.6932184,44.55251579999999
Zlatnik,"Šetalište Slana Banja b.b., Tuzla Bosnia and Herzegovina",4.0 ,"Lunch, Dinner",18.6848035,44.5388038
Biblioteka,"Kristijana Krekovica 7, Tuzla Bosnia and Herzegovina",4.5 ,"Lunch, Dinner",18.6707349,44.5410068
Jazz Caffe Tuzla,"VI Bosanske brigade 39, Tuzla 75000 Bosnia and Herzegovina",5.0 ,"Lunch, Dinner",18.6710364,44.54103980000001
Tenis,"Tenis klub Sloboda, Tuzla Bosnia and Herzegovina",4.0 ,"Lunch, Dinner, Late Night",18.6734688,44.53746109999999
La Cremeria Veneziana,"Trg Slobode Bb, Tuzla 75000 Bosnia and Herzegovina",4.5 ,NONE,18.6747998,44.5391866
Darkwood,"Zlatarska 5, Tuzla 75000 Bosnia and Herzegovina",5.0 ,"Italian, European, Middle Eastern, Pizza, Healthy",18.6762617,44.5387115
Palačinkara kod Bagija,"Patriotske lige 10 Tuzla, Tuzla 75000 Bosnia and Herzegovina",5.0 ,NONE,18.6775344,44.5383535
Citta del Sale,"Korzo, Tuzla Bosnia and Herzegovina",4.0 ,"Breakfast, Lunch, Dinner",18.6770568,44.5377924
Caffetteria Intermezzo,"Dorda mihajlovica 4, Tuzla Bosnia and Herzegovina",5.0 ,NONE,18.6734688,44.53746109999999
Old Story Pub,"Turalibegova 34, Tuzla 75000 Bosnia and Herzegovina",5.0 ,"Italian, French, Southwestern, European, Central European",18.6787933,44.5363254
Nardi Pub,"Hadzhibakirbega Tuzlica 3 Bankerova street, Tuzla 75000 Bosnia and Herzegovina",4.5 ,"Reservations, Outdoor Seating, Seating, Parking Available, Street Parking, Television, Serves Alcohol, Full Bar, Wine and Beer, Cash Only, Free Wifi",18.6734688,44.53746109999999
Cafe Verdi,"Mehmedalije Maka Dizdara, Lamela C1 Stupine 100 meter walking distance from Hotel Tuzla, Tuzla 75000 Bosnia and Herzegovina",5.0 ,NONE,18.6879883,44.5313764
Coffee Zone Tuzla,"Fra Grge Martica 30, Tuzla 75000 Bosnia and Herzegovina",4.5 ,NONE,18.6702467,44.53926149999999
Jecmiste kod Tome,"Husinskih Rudara 385, Tuzla Bosnia and Herzegovina",4.0 ,"Breakfast, Lunch, Dinner",18.6359534,44.5260482
St. James's,"Koste Racina 3, Tuzla 75000 Bosnia and Herzegovina",5.0 ,Dinner,18.6882635,44.5356195
Park Pub,"Dorda Mihajlovica 4, Tuzla 75000 Bosnia and Herzegovina",4.5 ,NONE,18.6849553,44.5340715
Little Italy d.o.o.,"Kazandzijska, Tuzla 75000 Bosnia and Herzegovina",4.5 ,"Italian, International, European",18.6762348,44.5385787
Chick King,"Univerzitetska 16, Tuzla Bosnia and Herzegovina",4.0 ,NONE,18.6649306,44.5385806
Zmaj Od Bosne,"Klosterska 11, Tuzla 75000 Bosnia and Herzegovina",4.0 ,NONE,18.6795575,44.5369049
Restoran Kvin,"Ul. Mitra Trifunovića Uče Br 2 Bingo City Centar, Tuzla 75000 Bosnia and Herzegovina",4.5 ,"Breakfast, Lunch, Dinner, Brunch, Drinks",18.6516171,44.532161
Zuta kuca Tuzla,"Ulica Zlatarska, Tuzla Bosnia and Herzegovina",4.5 ,NONE,18.676161,44.5387622
"Restaurant ""DM""","Branilaca BiH br. 11 Slavinovici Luke, Tuzla 75000 Bosnia and Herzegovina",4.5 ,"International, Mediterranean, Turkish, Greek",18.7079712,44.5314458
"Caffe bar ""Urban BeaTZ""","Turalibegova, Tuzla 75000 Bosnia and Herzegovina",5.0 ,NONE,18.678813,44.5367408
Studenac,"Milentija Perovica BB Trebinje, Trebinje 89101 Bosnia and Herzegovina",4.5 ,"Vegetarian Friendly, Vegan Options, Gluten Free Options",18.3502638,42.7081585
Stara Hercegovina,"Tuli, Trebinje, Trebinje Bosnia and Herzegovina",4.5 ,Vegetarian Friendly,18.3771645,42.6488703
Kukurića Vrtovi,"Obala Mica Ljubibratica bb, Trebinje 89101 Bosnia and Herzegovina",5.0 ,Soups,18.3544415,42.7136197
Restoran Vukoje,"Vinogradi bb, Trebinje 89101 Bosnia and Herzegovina",4.5 ,"Vegetarian Friendly, Vegan Options, Gluten Free Options",18.3494989,42.7014784
Hotel Platani,"Cvjetni trg 1, Trebinje Bosnia and Herzegovina",4.5 ,"Lunch, Dinner, Brunch, Breakfast",18.3460684,42.7100139
Sesto Senso,"Obala Mica Ljubibratica 3, Trebinje 89101 Bosnia and Herzegovina",4.5 ,"International, European, Mediterranean",18.3491206,42.7120046
Restoran Tarana,"Mire Popare 1 Trebinjskom Naselju Vinograd, Trebinje 89101 Bosnia and Herzegovina",4.5 ,"Lunch, Dinner",18.3502638,42.7081585
Motel Konak Mosko,"Mosko bb, Trebinje 89101 Bosnia and Herzegovina",4.5 ,"Mediterranean, Wine Bar",18.3494989,42.7014784
Restoran MG,"Majke Jugovića br. 11, Trebinje Bosnia and Herzegovina",4.0 ,"Lunch, Dinner",18.3502638,42.7081585
Pizzeria LSashon,"Herceg Stefana Kosace Bregovi, Trebinje 89101 Bosnia and Herzegovina",5.0 ,Dinner,18.3471826,42.7084412
Vinska Galerija,"Mirna 28, Trebinje 89101 Bosnia and Herzegovina",4.0 ,"Lunch, Dinner, Breakfast",18.3494989,42.7014784
Restoran Tarana Plus Stari Grad,"Dositejeva Old town, Trebinje 89101 Bosnia and Herzegovina",4.0 ,"Mediterranean, European, Central European",18.3462388,42.7101549
Market 99,"Herceg Stjepana Kosace 1, Trebinje 89101 Bosnia and Herzegovina",4.0 ,"Breakfast, Lunch, Dinner, Brunch",18.3502638,42.7081585
Cafe' and Vin Hedonija,"Stari Grad 1 Old/ Stone Bridge, next to Trebisnjica, Trebinje 89101 Bosnia and Herzegovina",4.5 ,"Pub, Gastropub, Mediterranean, Wine Bar, Eastern European",18.3502638,42.7081585
Restoran Ognjište,"Donje Cicevo Bb, Trebinje 89101 Bosnia and Herzegovina",4.0 ,"Breakfast, Lunch, Dinner, Brunch, Drinks",18.3311815,42.6813241
Restaurant Ras / Serbian House Nemanjici,"Old Town 161, Trebinje 89101 Bosnia and Herzegovina",4.5 ,NONE,18.3494989,42.7014784
Restaurant Bendis,"Grab, Trebinje 89101 Bosnia and Herzegovina",4.5 ,Reservations,18.3494989,42.7014784
Kafe Poslasticarnica Grk,"Stari Grad Bb, Trebinje 89101 Bosnia and Herzegovina",4.0 ,NONE,18.346771,42.7104891
Restoran Brana Gorica,"Milentija Perovica 89, Trebinje 89101 Bosnia and Herzegovina",4.5 ,NONE,18.3502638,42.7081585
Restorana Tarana Plus,"Stari Grad Old Town, Trebinje 89101 Bosnia and Herzegovina",4.0 ,NONE,18.346771,42.7104891
Pizzeria Mexico,"Stari Grad BB, Trebinje Bosnia and Herzegovina",4.5 ,NONE,18.346771,42.7104891
Caffe & Pizzeria Garden,"Vuka Karadžića 19, Trebinje 89101 Bosnia and Herzegovina",5.0 ,"Breakfast, Lunch, Dinner",18.3429862,42.7111246
Pivnica Humsko,"Stari Grad bb, Trebinje 89100 Bosnia and Herzegovina",3.5 ,"Brew Pub, Mediterranean, European, Central European, Beer restaurants",18.346771,42.7104891
Vinarija Berak,"Police Bb, Trebinje 89101 Bosnia and Herzegovina",5.0 ,NONE,18.3494989,42.7014784
Porto Galo,"Ul. Mića Ljubibratića Br. 5, Trebinje 89101 Bosnia and Herzegovina",4.0 ,"Breakfast, Lunch, Dinner",18.3494989,42.7014784
Pizzeria & Grill Cancello,"Dositejeva 9 South Gate, Old Town, Trebinje 89101 Bosnia and Herzegovina",4.5 ,"Breakfast, Lunch, Dinner",18.346691,42.710063
Gostionica Natalija,"Njegoseva BB, Trebinje Bosnia and Herzegovina",4.0 ,NONE,18.3438847,42.7106201
Cevabdzinica Kastel Trebinje,"Stari Grad 57, Trebinje 89101 Bosnia and Herzegovina",5.0 ,"Fast Food, Mediterranean, Barbecue, Diner, Dining bars",18.3468964,42.7108662
Portobello,"Old Town, Trebinje Bosnia and Herzegovina",3.5 ,NONE,18.3502638,42.7081585
Botanik Coffee & More,"Svetosavska 13 Bregovi, Trebinje 89101 Bosnia and Herzegovina",5.0 ,"Breakfast, Lunch, Dinner, Brunch, Drinks",18.3460344,42.7083019
Restaurant Viktor's,"Pape Ivana Pavla II. 16 in front of the St James church in Međugorje, Medjugorje 88266 Bosnia and Herzegovina",4.5 ,"Italian, Mediterranean, European, International",17.6629672,43.200913
Restaurant Pizzeria Colombo,"Medjugorje bb, Medjugorje 88220 Bosnia and Herzegovina",4.5 ,"Vegetarian Friendly, Vegan Options",17.6629672,43.200913
Gardens Club & Restaurant,"Pape Ivana Pavla II, Bijakovici Bb, Medjugorje 88266 Bosnia and Herzegovina",4.5 ,Vegetarian Friendly,17.6785871,43.1932917
None,NONE,4.5 ,"Bar, European, Croatian, Central European, Pizza, International",,
Restaurant Filii,"Krstine 67, Medjugorje 88266 Bosnia and Herzegovina",4.5 ,Vegetarian Friendly,17.6629672,43.200913
Caffe pizzeria ALf,"Bijakovići, Medjugorje Bosnia and Herzegovina",5.0 ,Dinner,17.6862884,43.1963277
Restaurant Dubrovnik,"Pape Ivana Pavla II br. 10 Broj 10, Medjugorje 88266 Bosnia and Herzegovina",4.0 ,Vegetarian Friendly,17.6780338,43.1924338
Pace E Gioia,"Fra Slavka Barbarica Presso Hotel Leone, Medjugorje 0008000 Bosnia and Herzegovina",4.5 ,Breakfast,17.6811065,43.1903266
Ai Dogi,"Fra Slavka Barbarica 29 Medjugorje Hotel & Spa, Medjugorje 88266 Bosnia and Herzegovina",4.5 ,"Vegetarian Friendly, Vegan Options",17.6856249,43.1904339
tomato,"strada principalve vicino la chiesav di SAN GIACOMO, Medjugorje Bosnia and Herzegovina",4.0 ,"Lunch, Dinner, Brunch",17.6775894,43.1906945
Restaurant Burrito Medugorje,"Franjevackih Muchenika 2, Medjugorje 88266 Bosnia and Herzegovina",4.5 ,"Breakfast, Dinner, Lunch, Brunch, Drinks",17.6629672,43.200913
Restaurant Herceg,"Tromeda B.B Gospodarska Zona, Medjugorje 88260 Bosnia and Herzegovina",4.5 ,"European, Italian, International, Mediterranean",17.6629672,43.200913
Restaurant Regina,"Pape Ivana Pavla II, Medjugorje 88266 Bosnia and Herzegovina",3.5 ,"Lunch, Dinner, Drinks",17.6785871,43.1932917
Restoran Vlado,"Continuazione di Ivana Plava II, Medjugorje Bosnia and Herzegovina",4.5 ,"Lunch, Dinner",17.6629672,43.200913
Restoran Zagreb,"Krstine BB, Medjugorje 88266 Bosnia and Herzegovina",4.0 ,International,17.6713831,43.2013995
Restoran Mala kuća,"Tromeda bb, Medjugorje 88266 Bosnia and Herzegovina",5.0 ,"Pizza, Cafe, Mediterranean, Grill, Eastern European",17.6627956,43.2076568
Sapori d'Italia,"Fra Vendelina Vasilja, Medjugorje 88266 Bosnia and Herzegovina",4.0 ,Vegetarian Friendly,17.6629672,43.200913
Sweet Corner by GT Vasilj,"Franjevachkih muchenika 31, Medjugorje 88266 Bosnia and Herzegovina",5.0 ,Cafe,17.6629672,43.200913
Gelateria Venezia,"Pape Ivana Pavla 2. 21, Medjugorje 88266 Bosnia and Herzegovina",4.0 ,"Breakfast, Drinks",17.67791,43.19287500000001
Restoran NN,"Continuazione di Ivana Pavla II, Medjugorje Bosnia and Herzegovina",4.0 ,"Dinner, Lunch",17.6629672,43.200913
n0pr0bl3m.com Internet Cafè,"Ulica Pape Ivana Pavla II 15, Medjugorje 88266 Bosnia and Herzegovina",5.0 ,NONE,17.6767031,43.1925287
Irish Centre,"Continuazione di Ivana Pavla II, Medjugorje Bosnia and Herzegovina",3.5 ,"Breakfast, Lunch",17.6629672,43.200913
Restaurant La Casa,"Tromedja b.b., Medjugorje 88266 Bosnia and Herzegovina",4.5 ,NONE,17.6627956,43.2076568
Pizzeria - Trattoria Santa Fe,"Bijakovići bb, Medugorje, Medjugorje Bosnia and Herzegovina",4.0 ,NONE,17.6862884,43.1963277
Trattoria Atrij,"Tromeđa, Medjugorje 88266 Bosnia and Herzegovina",5.0 ,"Italian, Pizza, Cafe, Fast Food, Grill, Diner",17.6627956,43.2076568
Crepe cafe Sweets,"Fra Vandelina Vasilja, Medjugorje Bosnia and Herzegovina",5.0 ,NONE,17.6751404,43.182843
Restaurant Grappolo,"Kralja Tomislava 2, Medjugorje 88260 Bosnia and Herzegovina",5.0 ,"Mediterranean, Italian, European, Croatian",17.6629672,43.200913
None,NONE,5.0 ,NONE,,
Matey,"Pape Ivana Pavla II, Medjugorje Bosnia and Herzegovina",4.0 ,NONE,17.6785871,43.1932917
Slastičarna GT Vasilj,"Ulica Franjevachkih Muchenika 31, Medjugorje 88266 Bosnia and Herzegovina",NONE,Cafe,17.6629672,43.200913
Restoran Laguna,"Kralja Tomislava bb, Neum 88390 Bosnia and Herzegovina",4.5 ,"Vegetarian Friendly, Vegan Options, Gluten Free Options",17.61396,42.924759
Bonaca,"Kralja Tomislava bb, Neum 88390 Bosnia and Herzegovina",4.5 ,NONE,17.61396,42.924759
Restaurant and pizzeria Villa Dom,"Primorska 79, Neum 88390 Bosnia and Herzegovina",5.0 ,"Mediterranean, Pizza, Seafood",17.597511,42.9302694
Restoran Jopi,"Doktora Franje Tudmana Bb, Neum 88390 Bosnia and Herzegovina",4.5 ,"Vegetarian Friendly, Vegan Options",17.6088458,42.9268968
Gradska kavana Neum,"Kralja Tomislava bb, Neum 88390 Bosnia and Herzegovina",4.5 ,"Seafood, Mediterranean, European, Croatian",17.61396,42.924759
Caffe Grill Adriatic,"Kamenice bb, Neum 88390 Bosnia and Herzegovina",4.5 ,Vegetarian Friendly,17.6415089,42.9058301
Humska Kuca,"Ulica Kralja Tomislava B.B., Neum 88390 Bosnia and Herzegovina",5.0 ,Lunch,17.61396,42.924759
Hotel Jadran Neum Restaurant,"Magistralni put bb Hotel Jadran Neum, Neum 88390 Bosnia and Herzegovina",3.5 ,"Dinner, Breakfast",17.616169,42.92389
Cafe-Grill Galeb,"Kralja tomislava, Neum 88390 Bosnia and Herzegovina",4.0 ,"Seafood, Mediterranean, European, Barbecue",17.61396,42.924759
"Restaurant - Pizzeria & Lounge ""Škoj""","Mimoza 2, Neum 88390 Bosnia and Herzegovina",4.0 ,"Grill, Italian, Pizza, Seafood, European",17.6148272,42.9207221
Porat,"Primorska 140a, Neum 88390 Bosnia and Herzegovina",4.5 ,Vegetarian Friendly,17.5907836,42.9339709
Zavala,"Ravno, Neum 88390 Bosnia and Herzegovina",5.0 ,NONE,17.6185727,42.9230437
Grill Kamenice,"Kamence bb, Neum 88390 Bosnia and Herzegovina",3.5 ,"Dinner, Lunch",17.6185727,42.9230437
Villa Ancora,"Primorska 154, Neum 88390 Bosnia and Herzegovina",5.0 ,NONE,17.5893734,42.9343599
Restoran Megi,"Kralja Tomislava 56, Neum 88390 Bosnia and Herzegovina",4.0 ,"Breakfast, Lunch, Dinner",17.6134872,42.9240691
Restaurant Odisej,"Magistrala 10, Neum 88390 Bosnia and Herzegovina",3.5 ,"Lunch, Dinner",17.6185727,42.9230437
ORKA Restaurant,"Highway M2, Neum 88390 Bosnia and Herzegovina",3.5 ,"Lunch, Dinner, Brunch, Drinks",17.6117384,42.9279549
Luna,"Zagrebachka 49/A, Neum 88390 Bosnia and Herzegovina",4.5 ,NONE,17.6197037,42.9202306
Matej,"Mimoza 106 East Tiha Luka, Neum 88390 Bosnia and Herzegovina",4.0 ,NONE,17.6185727,42.9230437
Hotel Novum À La Carte Restaurant,"Primorska 37, Neum 88390 Bosnia and Herzegovina",4.0 ,"Breakfast, Lunch, Dinner",17.6032115,42.9290185
Villa Karaka,"Jazina 54, Neum 88390 Bosnia and Herzegovina",3.5 ,"Breakfast, Lunch, Dinner",17.6257771,42.9139631
Marinero,"M2, Neum 88390 Bosnia and Herzegovina",3.5 ,NONE,17.6117384,42.9279549
Restaurant Orka,"Jazine bb Jazine, Neum 88390 Bosnia and Herzegovina",3.5 ,"Grill, Seafood, Mediterranean, Croatian",17.625525,42.9143619
Humska kuća,"Kralja Tomislava bb Kralja Tomislava, Neum 00387 Bosnia and Herzegovina",4.0 ,Mediterranean,17.61396,42.924759
Bistro Klarisa,"Kralja Tomislava 50, Neum 88390 Bosnia and Herzegovina",4.0 ,NONE,17.6122257,42.9245999
Restoran Suzana,Neum Bosnia and Herzegovina,5.0 ,NONE,17.6185727,42.9230437
Konoba Adria,Neum Bosnia and Herzegovina,3.0 ,NONE,17.6185727,42.9230437
Hotel Sunce,"Kralja Tomislava bb, Neum 88390 Bosnia and Herzegovina",3.0 ,Seating,17.61396,42.924759
Maestral,"Mimoza 40, Neum 88390 Bosnia and Herzegovina",2.5 ,"Breakfast, Lunch, Dinner",17.6183023,42.9196097
River Una Restaurant,"Dzemala Bijedica 12, Bihac 77000 Bosnia and Herzegovina",4.0 ,"European, Barbecue",15.8736885,44.81317
Restoran Sofra,"Bosanska bb Stadtmitte, Fussgängerzone, Bihac 77000 Bosnia and Herzegovina",4.0 ,"Dinner, Lunch",15.8689039,44.8147991
Restaurant Belvedere,"Trg Slobode Br. 8, Bihac 77000 Bosnia and Herzegovina",4.5 ,"Lunch, Dinner",15.8685645,44.8119628
Restaurant Cardak Na Uni,"Ulica 502 Viteske Brdske Brigade, Bihac 77000 Bosnia and Herzegovina",4.0 ,Vegetarian Friendly,15.872625,44.8093276
Panache,"Drive Irfana Ljubijankica Bb, Bihac 77000 Bosnia and Herzegovina",4.0 ,"Dinner, Lunch",15.8568227,44.80973820000001
"Caffe-Pizzeria ""City"", Bihać","Ulica 502. Viteshke brigade, Bihac 77000 Bosnia and Herzegovina",5.0 ,Italian,15.8792361,44.8180718
Mlin Restoran,"Put 5 Korpusa Bb, Bihac Bosnia and Herzegovina",4.0 ,"Dinner, Lunch",15.8685645,44.8119628
Hajducka Cesma - Restaurant,"Dubovsko bb, Bihac 77000 Bosnia and Herzegovina",5.0 ,NONE,15.8792361,44.8180718
Friends Pub,"Hoshica mahala 2, Bihac 560005 Bosnia and Herzegovina",5.0 ,Reservations,15.8685645,44.8119628
Pizzeria Bella Italia,"Hasan Kjafije Pruscaka TO 15 Ozimice 1, Bihac 77000 Bosnia and Herzegovina",5.0 ,NONE,15.8651386,44.8155132
Tale,"Armije BiH Ripac, Bihac 77215 Bosnia and Herzegovina",4.5 ,NONE,15.9562883,44.7650225
Slap na Uni,"Japodska 6 Federation Of Bosnia And Herzegovina, Bosnia And Herzegovina 037, Bihac 77000 Bosnia and Herzegovina",5.0 ,NONE,15.8792361,44.8180718
"Restoran ""Alma""","Trg Marsala Tita 7, Bihac Bosnia and Herzegovina",4.5 ,NONE,15.8700002,44.8153329
Cevabdzinica Merak,"Pljesevicka 59, Bihac 77000 Bosnia and Herzegovina",4.0 ,NONE,15.8313038,44.8361902
Atelje Club Centar,"Bosanska 13, Bihac 77000 Bosnia and Herzegovina",5.0 ,NONE,15.8683268,44.81433819999999
Restoran Obala,"Krupska, Bihac 77000 Bosnia and Herzegovina",4.0 ,NONE,15.869497,44.8182521
Atelje Club Harmani,"ZAVNOBiH-a, Bihac 77000 Bosnia and Herzegovina",5.0 ,"Breakfast, Lunch, Dinner",15.8661399,44.8112999
Restoran Insula,"Hasan Age Pećkog, Ozimice II, Bihać Ozimice 2, Bihać, Bihac 77000 Bosnia and Herzegovina",3.5 ,NONE,15.8685473,44.8043831
Mujo Bejzin,"Ulica Dzemala Bijedica, Bihac 77000 Bosnia and Herzegovina",3.0 ,NONE,15.8740802,44.8116818
Atrium,"Srbljani bb, Bihac 77000 Bosnia and Herzegovina",3.0 ,"Mediterranean, European",15.9571312,44.8974704
Sunce,"Put 5, Orljani Bb Hotel Ada complex, Bihac Bosnia and Herzegovina",3.0 ,NONE,15.9060815,44.80113730000001
River Dock,"Ulica Armije BIH Ripac, Bihac 77000 Bosnia and Herzegovina",3.0 ,Vegan Options,15.9562883,44.7650225
Restaurant Aqua,"Korpusa 5, Bihac 77000 Bosnia and Herzegovina",NONE,NONE,15.8792361,44.8180718
Al Afzal RESTORAN-PEKARA,"Ul 501. Slavne Br. 46, Bihac 77000 Bosnia and Herzegovina",NONE,"Indian, Fast Food, Middle Eastern, Pakistani",15.8792361,44.8180718
Anber Restaurant,"Dr. Irfana Ljubijankića 60, Bihac Bosnia and Herzegovina",NONE,NONE,15.857301,44.8215377
Dubrovnik,"Skolska 10, Zenica 72000 Bosnia and Herzegovina",4.5 ,"Dinner, Lunch, Late Night",17.9076239,44.203017
Cooltura,"Aleja Šehida bb, Zenica 72000 Bosnia and Herzegovina",4.5 ,"Lunch, Dinner, Breakfast, Brunch, Drinks",17.9150931,44.2017704
Caballo,"Ulica Strosmajerova 10, Zenica 00387 Bosnia and Herzegovina",4.5 ,"Vegetarian Friendly, Vegan Options",17.9074322,44.1956153
Ćevabdžinica kod Seje,"Marsala Tita 25, Zenica 72000 Bosnia and Herzegovina",4.5 ,"Table Service, Seating, Wheelchair Accessible",17.9057702,44.1997368
Beslic,"41 Prve Zenicke Brigade Br. 60, Zenica 72000 Bosnia and Herzegovina",4.5 ,"Takeout, Wheelchair Accessible, Seating, Table Service",17.9276326,44.20516910000001
Mimoza,"Skolska 10, Zenica Bosnia and Herzegovina",4.5 ,Wheelchair Accessible,17.9076239,44.203017
Nacionalni Restoran - Salcinovic,"M.Tarabara 8, Zenica Bosnia and Herzegovina",4.5 ,"Lunch, Dinner, Breakfast",17.9077432,44.2034392
Miris dunja,"Sarajevska 53, Zenica 72000 Bosnia and Herzegovina",4.5 ,"Lunch, Dinner, Breakfast",17.9093244,44.1967952
Opatija,"Muhameda Seida Serdarevica 4, Zenica 72000 Bosnia and Herzegovina",4.5 ,Reservations,17.9125368,44.1994759
Ada,"Usce 10, Zenica Bosnia and Herzegovina",4.5 ,NONE,17.9214212,44.1959815
Fast Food KING,"Travnicka bb Bulevar Kulina Bana bb, Zenica 72000 Bosnia and Herzegovina",5.0 ,"Brunch, Late Night, Drinks, Breakfast, Lunch, Dinner",17.9091318,44.2062203
Pansion Fontana,"Zacarina 17, Zenica 72000 Bosnia and Herzegovina",4.5 ,"Breakfast, Lunch, Dinner",17.9020407,44.1984948
Restoran & Motel Titanic,"Kanjon Lašve bb, Zenica Bosnia and Herzegovina",4.0 ,NONE,17.9077432,44.2034392
Cabaret Club,"Trg Bosne i Hercegovine br. 3, Zenica 72000 Bosnia and Herzegovina",5.0 ,Mediterranean,17.905733,44.2019707
Street Cafe - Coffee & Tea House,"Marsala Tita 22, Zenica 72000 Bosnia and Herzegovina",5.0 ,NONE,17.9056156,44.1994981
Restoran Brkic,"Blatuša bb, Zenica 72000 Bosnia and Herzegovina",5.0 ,NONE,17.9132461,44.2130028
Pacifik,"Savfet Bega Basagica bb, Zenica Bosnia and Herzegovina",5.0 ,NONE,17.9077432,44.2034392
Salcinovic - Crkvice,"Crkvice bb, Zenica Bosnia and Herzegovina",3.0 ,NONE,17.9234011,44.2024534
Salcinovic - Papirna,"Abdulaziza Aska Borica, Zenica Bosnia and Herzegovina",2.5 ,NONE,17.9077432,44.2034392
Usce,"Usce 6, Zenica Bosnia and Herzegovina",3.0 ,NONE,17.9220591,44.19610249999999
Bella Ciao,"Kučukovići 24, Zenica 72000 Bosnia and Herzegovina",NONE,"Breakfast, Lunch, Dinner",17.9081346,44.20105330000001
"Restoran ""Ladybug""","Stara čaršija 13, Zenica 72000 Bosnia and Herzegovina",NONE,"Breakfast, Lunch, Dinner, Brunch, Late Night, Drinks",17.9114936,44.1996537
Cafe Pizza Derby,"Bistua Nuova 1, Zenica Bosnia and Herzegovina",NONE,NONE,17.9256808,44.19540689999999
Mazica Han,Zenica Bosnia and Herzegovina,NONE,NONE,17.9077432,44.2034392
Caffe Venezia,"Trg Alije Izetbegovica, Zenica 72000 Bosnia and Herzegovina",NONE,NONE,17.9112151,44.1991782
Coffee Shop Brcko,"Bulevar Mira 24, Brcko 76100 Bosnia and Herzegovina",5.0 ,"Television, Highchairs Available, Accepts Mastercard, Accepts Visa, Free Wifi, Outdoor Seating, Seating, Table Service",18.8129853,44.8748163
Bakarni Lonac,"Plazuljska bb, Brcko 76100 Bosnia and Herzegovina",4.5 ,Vegetarian Friendly,18.7696903,44.8882235
Galerija,"Bulevar Mira 24, Brcko Bosnia and Herzegovina",4.0 ,Vegetarian Friendly,18.8129853,44.8748163
Porto Mio,"Jelenka Voćkić 1A, Brcko 76100 Bosnia and Herzegovina",5.0 ,"International, Italian, Mediterranean",18.8112578,44.87761099999999
Vinarija Pajić,"Bukvik Gornji Bb, Brcko 76100 Bosnia and Herzegovina",4.5 ,"Italian, Mediterranean",18.6562763,44.8212223
Etno restoran Marco Polo,"Potocari bb, Brcko 76100 Bosnia and Herzegovina",5.0 ,International,18.8134594,44.8140511
Caffee Boa,"Brcko Center, Brcko Bosnia and Herzegovina",4.5 ,NONE,18.8106276,44.8726563
Fast Food Sky,"Tina Ujevica, Brcko Bosnia and Herzegovina",5.0 ,"Pizza, Fast Food, International, Grill, Street Food",18.8077074,44.8712844
Vila Bakarni,"Vuka Karadzica 37, Brcko 76100 Bosnia and Herzegovina",4.0 ,"Pizza, European, Grill, Eastern European, Croatian",18.8145778,44.8774587
Caffe Corso,"Trg mladih, Brcko 76100 Bosnia and Herzegovina",5.0 ,NONE,18.8093663,44.877283
Etno Restoran ''Kolubara''-Brčko,"Braće Ćuskica 18, Brcko 76100 Bosnia and Herzegovina",4.0 ,NONE,18.8104542,44.8639582
Restoran 5 šešira,"Semberska 49 A, Brcko Bosnia and Herzegovina",5.0 ,NONE,18.8106276,44.8726563
Sheher La Petite Cuisine,"Islahijet Danila Kisa, Brcko 76100 Bosnia and Herzegovina",5.0 ,NONE,18.8061894,44.8800496
Restoran Kao kod kuće,"Reisa Džemaludina Čauševića 7, Brcko 76130 Bosnia and Herzegovina",5.0 ,"Breakfast, Lunch",18.7997342,44.8774345
Caffe Bar Italia,"Trg Mladih, Brcko 76100 Bosnia and Herzegovina",4.0 ,NONE,18.8093663,44.877283
Baron grill,"Klosterska 1, Brcko 76100 Bosnia and Herzegovina",4.0 ,NONE,18.8103613,44.8750144
Restoran PIZZERIA LA,"Sarajevska 14, Brcko 76100 Bosnia and Herzegovina",5.0 ,"Breakfast, Lunch, Dinner",18.7833751,44.8677723
La Bottega Brcko,"Bosne Srebrne br.3 City centar, Brcko 76100 Bosnia and Herzegovina",4.0 ,NONE,18.8097864,44.8763199
Admiral Caffe,"Bulevar Mira bb, Brcko 76100 Bosnia and Herzegovina",NONE,NONE,18.8118177,44.8761925
Bratello,"Bakije Selimovica 1, Brcko Bosnia and Herzegovina",NONE,NONE,18.7909876,44.8744251
Wine And Rakija Bar,"Cvijete Zuzoric 4, Brcko 76100 Bosnia and Herzegovina",NONE,NONE,18.8139278,44.875348
Pizzeria LA,"Sarajevska 14, Brcko 76100 Bosnia and Herzegovina",NONE,NONE,18.7833751,44.8677723
"Prirodni Vodeni Park ""Kocusa""","Vodopad Kocusa, Ljubuski 88320 Bosnia and Herzegovina",5.0 ,"Lunch, Dinner, Brunch",17.4522261,43.2493351
Most,"Teskera 1, Ljubuski 88320 Bosnia and Herzegovina",4.5 ,"Croatian, Seafood, Mediterranean, Barbecue, European",17.5175366,43.1793253
Caffe Gallery Kerametal,"Bana Jelacica b.b., Ljubuski 88320 Bosnia and Herzegovina",5.0 ,"Mediterranean, Pizza, Barbecue, European",17.5467826,43.1894113
La Cascada,"Put Za Kravicu, Ljubuski Bosnia and Herzegovina",5.0 ,"Italian, Pizza",17.6081011,43.15602
Konoba Kocusa,"Veljaci bb Vitina, Ljubuski 88326 Bosnia and Herzegovina",4.5 ,"Lunch, Dinner",17.4464201,43.2364764
Bago,"Bagin Most, Teskere, Ljubuski, Ljubuski Bosnia and Herzegovina",4.0 ,"Dinner, Lunch, Brunch",17.522842,43.1836153
Ceveljusa - Mandica jaz,"Ceveljusa, Ljubuski 88320 Bosnia and Herzegovina",4.5 ,"Breakfast, Lunch, Dinner, Brunch, Drinks",17.5548562,43.1687391
Ceveljusa,"Hrašljani, Ljubuski 88320 Bosnia and Herzegovina",5.0 ,NONE,17.5577744,43.1713546
Caffe & Tratoria Toscana,"Hrvartskih Branitelja 68, Ljubuski 88320 Bosnia and Herzegovina",5.0 ,NONE,17.5456012,43.1967777
Restaurant Don Danilo,"Restoran Don Danilo, Vitina Vrelo Vrioštice Vitina, Ljubuski 88326 Bosnia and Herzegovina",5.0 ,"American, International, Mediterranean, European, Croatian",17.4856347,43.2371877
"""tabak"" Museum & Restaurant","Fra Nikole Ivankovića 18, Ljubuski 88320 Bosnia and Herzegovina",5.0 ,"Breakfast, Lunch, Dinner, Brunch, Drinks",17.5466671,43.1989428
Amfora Ljubuški,"Put za Medjugorje bb, Ljubuski 88320 Bosnia and Herzegovina",5.0 ,"Fast Food, Mediterranean, Barbecue, European, Greek, Croatian",17.5699146,43.1940833
Stella,"Hrvatskih Branitelja 69, Ljubuski 88320 Bosnia and Herzegovina",5.0 ,NONE,17.5413393,43.1939058
Mediterano Caffe Pizzeria,"Bana Josipa Jelačića, Ljubuski 88320 Bosnia and Herzegovina",3.5 ,"Breakfast, Lunch, Dinner",17.5467826,43.1894113
Konoba Vistica,"Vitina bb Vitina Bb, Ljubuski 88326 Bosnia and Herzegovina",5.0 ,Grill,17.4807886,43.2416606
Restaurant Avantgarde,"Bana Jelacica B.B, Ljubuski Bosnia and Herzegovina",3.5 ,NONE,17.5467826,43.1894113
Pekarna Vitinska Katarina,"Juraja Dalmatinca 13, Ljubuski Bosnia and Herzegovina",4.0 ,NONE,17.5439385,43.1974208
Čiko RESTORAN BAŠČINA,"Ljubuški, Ljubuski Bosnia and Herzegovina",NONE,NONE,17.5466671,43.1989428
Amfora Ljubuški,"Cerno, Ljubuski 88320 Bosnia and Herzegovina",NONE,"International, Mediterranean, European, Street Food",17.6199257,43.2054435
Konoba Planinić,"Tina Ujevica bb, Ljubuski Bosnia and Herzegovina",NONE,NONE,17.5507652,43.1978559
Oaza - Bingo,"Crveni Grm, Ljubuski Bosnia and Herzegovina",NONE,NONE,17.4748921,43.1740469
Ćevabdžinica Hari,"Zhitarnica bb, Travnik 72270 Bosnia and Herzegovina",4.5 ,"Lunch, Dinner",17.6429578,44.2293783
Konoba Plava Voda,"Ul. Sumece Bb., Travnik 72270 Bosnia and Herzegovina",4.0 ,"Breakfast, Lunch, Dinner",17.6722633,44.2286188
Ex Ponto Bar & Restaurant,"Zenjak 95, Travnik 72270 Bosnia and Herzegovina",5.0 ,"Breakfast, Lunch, Dinner, Drinks",17.6686883,44.2265378
Lutvina Kahva,"Sumece Bb, Travnik Bosnia and Herzegovina",4.5 ,"Breakfast, Brunch",17.6722633,44.2286188
Kastel Na Hendeku,"Varoš b.b., Travnik 72270 Bosnia and Herzegovina",4.5 ,"Reservations, Table Service",17.6697163,44.2290641
Vlašićka Kuća,"Turbe, Travnik 72283 Bosnia and Herzegovina",3.5 ,"Takeout, Seating, Table Service",17.585189,44.2437604
Restoran Izvor,"Mehuric bb, Travnik 72270 Bosnia and Herzegovina",4.5 ,Halal,17.7345033,44.2717132
Onix,"Zitarnica, Travnik Bosnia and Herzegovina",5.0 ,NONE,17.6701706,44.2266954
"Caffe pizzeria ""London""","Bosanska 157, Travnik 72270 Bosnia and Herzegovina",4.5 ,NONE,17.6674235,44.2262122
Caffe bar Gaj,"Gaj 18, Travnik 72270 Bosnia and Herzegovina",4.5 ,"Reservations, Outdoor Seating, Seating, Parking Available, Street Parking, Free off-street parking, Highchairs Available, Wheelchair Accessible, Serves Alcohol, Full Bar, Cash Only, Free Wifi",17.6629342,44.2241222
"Vezirov dućan, Travnik","Žitarnica bb, Travnik Bezistan Of Ornamented Mosque, Travnik 72270 Bosnia and Herzegovina",5.0 ,NONE,17.6697792,44.2265841
Restoran Vrelo,"Vrelo Bb, Travnik 72270 Bosnia and Herzegovina",5.0 ,"Breakfast, Lunch, Dinner",17.6429578,44.2293783
Aščinica Plava Voda,"Šumeće 14, Travnik 72270 Bosnia and Herzegovina",4.5 ,NONE,17.6729034,44.2292965
M-Libertas,"Nova Bila, Travnik 72276 Bosnia and Herzegovina",3.5 ,"Breakfast, Lunch, Dinner",17.7413677,44.1978663
Restoran Galija,"Ulica Stjepana Tomasevica, Novi Travnik Bosnia and Herzegovina",5.0 ,NONE,17.6630307,44.1760774
Restoran kod Mlina,"Poslovni centar 96 Zona II, Vitez 72250 Bosnia and Herzegovina",4.5 ,"Lunch, Dinner, Breakfast, Brunch",17.7905271,44.150897
Port Alba,"Konatur, Travnik 72270 Bosnia and Herzegovina",NONE,NONE,17.667699,44.2253152
Caffe pizzeria Gem,"Donja mahala, Travnik Bosnia and Herzegovina",NONE,NONE,17.6689508,44.2253458
Caffe pizzeria Čarli,"Servis bb, Travnik Bosnia and Herzegovina",NONE,NONE,17.6429578,44.2293783
Palačinka bar Bueno,"Donje Putićevo bb, Travnik Bosnia and Herzegovina",NONE,"Lunch, Dinner",17.7107122,44.2194772
Park Travnik,"Konatur bb Bb, Travnik 72270 Bosnia and Herzegovina",NONE,"Breakfast, Lunch, Dinner, Brunch, Drinks",17.667699,44.2253152
My Place,"Travnik, Bosanska 33 Bosanska 33, Travnik 72270 Bosnia and Herzegovina",NONE,"Breakfast, Lunch, Dinner, Late Night, Drinks",17.6565079,44.2261411
Caffe Bar Upitnik,"Donja Mahala 4B, Travnik 72270 Bosnia and Herzegovina",NONE,NONE,17.6683521,44.2257659
Restoran Han,"Donje Polje bb, Konjic 88400 Bosnia and Herzegovina",4.0 ,Vegetarian Friendly,17.9642598,43.6468906
Vidikovac,"Musala bb, Konjic 88400 Bosnia and Herzegovina",4.5 ,NONE,17.9642402,43.6499844
UR Pizzeria No1,"Stara čaršija 63, Konjic 88400 Bosnia and Herzegovina",5.0 ,"Italian, Mediterranean",17.960981,43.6520108
Restoran Fontana Konjic,"Kanjina 2, Konjic 88400 Bosnia and Herzegovina",3.5 ,Reservations,17.9882496,43.6826562
"Slastičarna ""Oaza""","Maršala Tita 69, Konjic 88400 Bosnia and Herzegovina",5.0 ,"Breakfast, Lunch, Dinner",17.9635203,43.6525656
Dva ribara,"Glavatichevo bb, Konjic 88400 Bosnia and Herzegovina",5.0 ,NONE,18.0895066,43.4971886
MERAK fastfood,"Suhi do b.b. near Raiffeisen bank, Konjic 88400 Bosnia and Herzegovina",4.5 ,NONE,17.9655201,43.6514097
Orahovica,"Jablanicko jezero, Konjic 88400 Bosnia and Herzegovina",4.0 ,NONE,17.9590172,43.6536202
Eko selo Raj u Raju,"Idbar Bb, Konjic 88400 Bosnia and Herzegovina",3.5 ,Mediterranean,17.879555,43.6465565
Yard,"Prkanj bb, Konjic 88400 Bosnia and Herzegovina",5.0 ,"Outdoor Seating, Seating, Serves Alcohol, Full Bar, Wine and Beer, Free Wifi",17.9608004,43.6490554
Restoran Lupoglav,"Bijela Br. 1, Konjic 88400 Bosnia and Herzegovina",5.0 ,NONE,17.9481577,43.6133326
Pizza restaurant Divan,"Marshala Tita, Konjic 88400 Bosnia and Herzegovina",4.0 ,NONE,17.9626347,43.6533062
Pekara Centar,"Marshala Tita 70, Konjic 88400 Bosnia and Herzegovina",4.0 ,NONE,17.963208,43.652598
Gradska pekara,"Marshala Tita, Konjic 88400 Bosnia and Herzegovina",4.0 ,NONE,17.9626347,43.6533062
Konak,"Stara Carsija, Konjic 88400 Bosnia and Herzegovina",3.0 ,NONE,17.9621395,43.650943
Restoran Orahovica,"Hwy M17, between Sarajevo and Mostar, just 5 km. from Konjic, Konjic 88400 Bosnia and Herzegovina",3.0 ,"Seating, Wheelchair Accessible, Table Service, Reservations",18.3199435,43.8963694
Navalića Kula,"Marshala Tita, Konjic 88400 Bosnia and Herzegovina",NONE,NONE,17.9626347,43.6533062
Fast Food Xxl Konjic,"Maršala Tita, Konjic 88400 Bosnia and Herzegovina",NONE,NONE,17.9626347,43.6533062
Konoba kod Lende,"Borci, Konjic 88400 Bosnia and Herzegovina",NONE,"Breakfast, Lunch, Dinner",18.0099682,43.5823438
Restaurant PapaJoe,"Kralja Petra I Oslobodioca Br. 15, Prijedor 79101 Bosnia and Herzegovina",4.5 ,Vegetarian Friendly,16.7054688,44.9766241
Le Pont Restaurant,"Kralja Petra, Oslobodioca 1, Prijedor 79200 Bosnia and Herzegovina",4.0 ,"Lunch, Dinner, Brunch, Breakfast",16.7060617,44.9778368
Restoran Stara basta,"Mladena Stojanovica b.b., Prijedor 79200 Bosnia and Herzegovina",4.5 ,Reservations,16.7076093,44.975444
SAC-Buregdzinica Prijedor - Raskovac,"Muharema Suljanovica 88, Prijedor 79101 Bosnia and Herzegovina",5.0 ,NONE,16.6938012,44.9836426
Restauraunt TARA-RAFT,"Bastasi Bb, Foca 73300 Bosnia and Herzegovina",4.5 ,Vegetarian Friendly,18.8135603,43.3765746
Restoran Ena,"Ulica Muharema Suljanovica 8, Prijedor Bosnia and Herzegovina",5.0 ,NONE,16.7046361,44.9790022
Voulez Vous,"Nikole Pašića, Prijedor Bosnia and Herzegovina",4.0 ,NONE,16.7088675,44.9773105
Gurman Extra,"Prote Matije Nenadovića 24, Prijedor Bosnia and Herzegovina",5.0 ,NONE,16.7091574,44.9747204
Caffe Bar Mangala,"Miloša Obrenovića 18, Prijedor 79101 Bosnia and Herzegovina",5.0 ,"Breakfast, Lunch, Dinner",16.7110552,44.9785756
Slasticarna Oaza,"Kralja Petra I Oslobodioca 33, Prijedor 79101 Bosnia and Herzegovina",5.0 ,NONE,16.7056084,44.9769963
Neira,"Mladena Stojanovica B.B Kozarac, Prijedor 79200 Bosnia and Herzegovina",4.0 ,NONE,16.8320354,44.9691348
Restoran Babilon,"Brace Krneta, Prijedor 79101 Bosnia and Herzegovina",5.0 ,"Bar, Cafe, International, Mediterranean, Grill, Pub",16.7363199,44.9772389
Restoran Evropa,"Kozarska bb, Prijedor 79203 Bosnia and Herzegovina",4.5 ,"Breakfast, Lunch, Dinner",16.7303641,44.9850807
Pekara Galija,"Kralja Petra I Oslobodioca 20, Prijedor 52000 Bosnia and Herzegovina",5.0 ,"Breakfast, Lunch, Dinner",16.7055679,44.9765627
Intermezzo,"Omladinska Ulica KOZARAC, Prijedor 79200 Bosnia and Herzegovina",4.5 ,NONE,16.8344476,44.9781399
Konoba Jelen,"Prvomajska, Prijedor Bosnia and Herzegovina",3.5 ,NONE,16.7255082,44.9800725
Restoran SOVA,"Srpskih velikana 47, Prijedor Bosnia and Herzegovina",3.0 ,NONE,16.7087933,44.97229249999999
ULICA bar restoran igraonica,"Kozarska bb Tropic Market Urije, Prijedor 79101 Bosnia and Herzegovina",1.0 ,"Italian, Steakhouse, Street Food",16.7190907,44.982374
Konoba Stanisic,"Pavlovica put,bb, Bijeljina Bosnia and Herzegovina",4.5 ,"Vegetarian Friendly, Vegan Options",19.3131732,44.7803362
Semberski Salas,"Pavlovica Put Bb, Bijeljina 76300 Bosnia and Herzegovina",4.5 ,Vegetarian Friendly,19.3131732,44.7803362
Pet Jezera,"Ulica Kralija Dragutina Manastir Svete Petke, Bijeljina Bosnia and Herzegovina",4.5 ,"European, Seafood, Mediterranean, Barbecue, Eastern European",19.2351349,44.7670336
Lovac,"Mese Selimovica 15, Bijeljina 76300 Bosnia and Herzegovina",4.5 ,"Lunch, Dinner, Brunch",19.2191524,44.7580193
Restoran Gurman Leskovacki Rostilj,"Trg Kralja Petra Karadjordjevica br.15, Bijeljina Bosnia and Herzegovina",5.0 ,NONE,19.216265,44.7570308
Libertas,"Gavrila Principa, Bijeljina Bosnia and Herzegovina",4.0 ,Vegetarian Friendly,19.2134314,44.756249
Restoran Globus,"Karadjordjeva, Bb str. Karadjordjeva bb,Dvorovi, Bijeljina 76311 Bosnia and Herzegovina",4.5 ,"Delivery, Takeout, Reservations, Outdoor Seating, Seating, Parking Available, Free off-street parking, Wheelchair Accessible, Serves Alcohol, Full Bar, Wine and Beer, Accepts Mastercard, Accepts Visa, Free Wifi, Accepts Credit Cards",19.2621377,44.8039803
Sejk,"Nikole Tesle 8, Bijeljina 76300 Bosnia and Herzegovina",4.5 ,European,19.2157018,44.7559701
Nacionalni restoran Šampion,"Majevicka 156, Bijeljina Bosnia and Herzegovina",5.0 ,NONE,19.2139486,44.7604705
Om Cafe,"Trg Kralja Petra I Karađorđevića 1., Bijeljina 76300 Bosnia and Herzegovina",5.0 ,"Breakfast, Lunch, Dinner",19.2152783,44.7570658
Splav Janja,"Sarampov 160, Bijeljina Bosnia and Herzegovina",5.0 ,NONE,19.2515095,44.67017269999999
Adagio Caffe and Pizzeria,"Karadordeva bb, Bijeljina Bosnia and Herzegovina",4.0 ,"Breakfast, Lunch, Dinner",19.2201801,44.7575544
Drinska Ruza,"Drina bb, Popovi 2, Bijeljina 76300 Bosnia and Herzegovina",3.0 ,Reservations,19.2170551,44.7493148
Local Steak House Bijeljina,"M 18, Gojsovac, Bijeljina Bosnia and Herzegovina",3.0 ,NONE,19.2379724,44.7857561
Skotski pub,Bijeljina Bosnia and Herzegovina,NONE,Outdoor Seating,19.2150224,44.75695109999999
Restoran Kovacevic Jablanica,"D. Jablanica M17 bb, Jablanica 88420 Bosnia and Herzegovina",4.5 ,"Breakfast, Lunch, Dinner, Brunch",17.7591589,43.654264
Restoran Sedmica,"Gornje Paprasko bb, Jablanica 88420 Bosnia and Herzegovina",4.5 ,"Lunch, Dinner",17.7684242,43.6761212
Bagrem,"Donje Paprasko, Jablanica 88420 Bosnia and Herzegovina",4.5 ,Reservations,17.7857279,43.6821768
Zdrava Voda,"Zdrava voda b.b., Jablanica 88420 Bosnia and Herzegovina",3.5 ,"Lunch, Dinner",17.7541091,43.6511429
Restoran Lovacki Dom Kod Gojka,"Magistralni put M 17, Jablanica 88420 Bosnia and Herzegovina",3.5 ,NONE,17.7591589,43.654264
Lamb House,"Donja Jablanica B.b, Jablanica 88420 Bosnia and Herzegovina",4.0 ,"Breakfast, Lunch, Dinner",17.7540938,43.6351444
Komadinovo Vrelo,"Magistralni Put Mostar Jablanica, Jablanica 88420 Bosnia and Herzegovina",3.5 ,"Dinner, Lunch",17.8077578,43.34377480000001
Lovacki Dom,"By M-17 / E 73, Jablanica 88420 Bosnia and Herzegovina",4.0 ,NONE,17.7591589,43.654264
Maksumic,"By highway M-17 / E 73, Jablanica 88420 Bosnia and Herzegovina",4.0 ,"Breakfast, Lunch, Brunch",18.1031866,44.056895
Restoran Catering Viva,"Ul 1 Mart bb, Jablanica 88420 Bosnia and Herzegovina",5.0 ,NONE,17.7596082,43.6548596
Restoran Prenj,"VI. Ovnovic Semir, Jablanica 88420 Bosnia and Herzegovina",3.5 ,"Breakfast, Lunch, Dinner",17.760399,43.6577331
Restoran Begović - Jablanica,"Mostarska b.b., Jablanica 88420 Bosnia and Herzegovina",3.5 ,European,17.7542848,43.6496146
Restoran Babic,"Rasadnik bb, Jablanica 88420 Bosnia and Herzegovina",5.0 ,"Breakfast, Lunch, Dinner",17.7614215,43.6635298
Eko selo Raj u Raju,"Idbar Bb, Konjic 88400 Bosnia and Herzegovina",3.5 ,Mediterranean,17.879555,43.6465565
Restoran Pećina - Čelebići,Celebici Bosnia and Herzegovina,4.5 ,"Breakfast, Lunch, Dinner",17.8903255,43.6809824
Restoran Panorama Jablanica,"Donje Paprasko, Jablanica 88420 Bosnia and Herzegovina",NONE,NONE,17.7857279,43.6821768
Jablanica Restaurant,"M-17 Dubisnica, Jablanica 88420 Bosnia and Herzegovina",NONE,NONE,17.7591589,43.654264
Restoran 'Storia'',"Tasovčići bb, Capljina 88300 Bosnia and Herzegovina",4.5 ,"International, Barbecue, European, Italian, Mediterranean, Wine Bar, Croatian",17.7192104,43.1097139
Konoba Hercegovac Čapljina,"Gojka Suska bb, Capljina 88300 Bosnia and Herzegovina",4.0 ,"Steakhouse, Seafood, Mediterranean, Grill",17.7044419,43.1108683
Pociteli,"Pociteli, Capljina Bosnia and Herzegovina",4.0 ,"Breakfast, Lunch",17.7318273,43.1343788
Calipso,"Ante Starčevića, Capljina Bosnia and Herzegovina",4.5 ,NONE,17.7030032,43.1094117
Restaurant Vego,"Hrvatskih Branitelja Bb, Capljina 88300 Bosnia and Herzegovina",5.0 ,"Seafood, Barbecue, Mediterranean, Grill, Soups",17.691624,43.1185875
Restoran Pizzeria San Marino,"Ulica kralja Zvonimira bb Centre of the old town Čapljina, Capljina 88300 Bosnia and Herzegovina",4.0 ,"Barbecue, Pizza, Eastern European",17.7054838,43.11182669999999
Club Divine,"Trebizat bb, Capljina 88300 Bosnia and Herzegovina",4.5 ,"Mediterranean, European, Healthy, Eastern European, Croatian",17.6830303,43.1246533
Restaurant Hercegovka,"Otok b.b., Capljina 88300 Bosnia and Herzegovina",5.0 ,"Italian, Seafood, International, Mediterranean, Barbecue",17.7054838,43.11182669999999
Villa Rustica,"Mogorjelo, Capljina 85000 Bosnia and Herzegovina",3.5 ,"Reservations, Seating, Table Service",17.7054838,43.11182669999999
Tropy Restaurant Pizzeria,"Medugorje bb, Capljina 88266 Bosnia and Herzegovina",4.0 ,NONE,17.7054838,43.11182669999999
Muta,"Pociteli, Capljina Bosnia and Herzegovina",4.0 ,NONE,17.7318273,43.1343788
Staklo,"Kraljice Katarine bb, Capljina 88300 Bosnia and Herzegovina",3.0 ,Reservations,17.7054838,43.11182669999999
Restaurant Viktor's,"Pape Ivana Pavla II. 16 in front of the St James church in Međugorje, Medjugorje 88266 Bosnia and Herzegovina",4.5 ,"Italian, Mediterranean, European, International",17.6629672,43.200913
Jelcic,Pocitelj 88300 Bosnia and Herzegovina,5.0 ,NONE,17.7318273,43.1343788
Caffe Grill Kruško,"Pocitelj, Pocitelj Bosnia and Herzegovina",5.0 ,"Breakfast, Lunch, Dinner",17.7318273,43.1343788
Cafe Bar Stari Grad,"Pocitelj Bb, Pocitelj 88300 Bosnia and Herzegovina",4.0 ,Reservations,17.7318273,43.1343788
Staklo Restaurant,"Počitelj bb, Pocitelj Bosnia and Herzegovina",4.0 ,NONE,17.7318273,43.1343788
Restaurant Pizzeria Colombo,"Medjugorje bb, Medjugorje 88220 Bosnia and Herzegovina",4.5 ,"Vegetarian Friendly, Vegan Options",17.6629672,43.200913
Pivnica Medugorje,"Main Street, Medjugorje 88266 Bosnia and Herzegovina",4.5 ,"Bar, European, Croatian, Central European, Pizza, International",17.6629672,43.200913
Gardens Club & Restaurant,"Pape Ivana Pavla II, Bijakovici Bb, Medjugorje 88266 Bosnia and Herzegovina",4.5 ,Vegetarian Friendly,17.6785871,43.1932917
Restoran Etno Kuća 20,"Bijakovici Šurmanci Bb, Bijakovici 88300 Bosnia and Herzegovina",4.5 ,"Mediterranean, European, Croatian, International",17.6896073,43.18493489999999
Caffe pizzeria ALf,"Bijakovići, Medjugorje Bosnia and Herzegovina",5.0 ,Dinner,17.6862884,43.1963277
Restaurant Dubrovnik,"Pape Ivana Pavla II br. 10 Broj 10, Medjugorje 88266 Bosnia and Herzegovina",4.0 ,Vegetarian Friendly,17.6780338,43.1924338
Ai Dogi,"Fra Slavka Barbarica 29 Medjugorje Hotel & Spa, Medjugorje 88266 Bosnia and Herzegovina",4.5 ,"Vegetarian Friendly, Vegan Options",17.6856249,43.1904339
Restaurant Filii,"Krstine 67, Medjugorje 88266 Bosnia and Herzegovina",4.5 ,Vegetarian Friendly,17.6629672,43.200913
Restaurant Burrito Medugorje,"Franjevackih Muchenika 2, Medjugorje 88266 Bosnia and Herzegovina",4.5 ,"Breakfast, Dinner, Lunch, Brunch, Drinks",17.6629672,43.200913
Pace E Gioia,"Fra Slavka Barbarica Presso Hotel Leone, Medjugorje 0008000 Bosnia and Herzegovina",4.5 ,Breakfast,17.6811065,43.1903266
Restaurant Regina,"Pape Ivana Pavla II, Medjugorje 88266 Bosnia and Herzegovina",3.5 ,"Lunch, Dinner, Drinks",17.6785871,43.1932917
Sweet Corner by GT Vasilj,"Franjevachkih muchenika 31, Medjugorje 88266 Bosnia and Herzegovina",5.0 ,Cafe,17.6629672,43.200913
Creperia San Giacomo,"Franjevačkih mučenika 5, Medjugorje 88260 Bosnia and Herzegovina",5.0 ,NONE,17.6629672,43.200913
Restaurant No.1,"Podvisoki 106, Visoko 71300 Bosnia and Herzegovina",4.5 ,"Grill, Healthy, Italian, Mediterranean, European",18.1805016,43.9844567
Cevabdzinica Ihtijarevic,"Carsijska bb, Visoko 71300 Bosnia and Herzegovina",4.5 ,"Brunch, Breakfast, Lunch, Dinner",18.1811339,43.9859889
Bonaca,"Branilaca 51, Visoko 71300 Bosnia and Herzegovina",5.0 ,"Mediterranean, Seafood",18.1738266,43.9943268
Caffe Nafaka,"Šareni Hanovi bb Moštre, Visoko, Visoko 71305 Bosnia and Herzegovina",5.0 ,NONE,18.1318894,44.0247408
Verdi,"Branilaca, Visoko 71300 Bosnia and Herzegovina",3.5 ,NONE,18.1765475,43.9930734
Chipas,"Alije Izetbegovića 15, Visoko, Visoko 71300 Bosnia and Herzegovina",5.0 ,"Breakfast, Lunch, Dinner",18.1813918,43.9879744
Caffe&snacks Bar Mobi,"Arnautovicki Put Bb, Visoko 71300 Bosnia and Herzegovina",5.0 ,NONE,18.1678648,43.9985973
Diman caffe bar,"Patriotske Lige 6, Visoko 71300 Bosnia and Herzegovina",5.0 ,NONE,18.1782843,43.9936598
Restaurant Most,"Ul. Alije Izetbegovica bb, Visoko 71300 Bosnia and Herzegovina",3.0 ,"Breakfast, Lunch, Dinner, Brunch, Late Night, Drinks",18.1817822,43.9889617
Restoran Mahala,"Donja Mahala 7, Visoko 71300 Bosnia and Herzegovina",3.0 ,"European, Central European, Pizza, International",18.1815809,43.990554
Restaurant Kod Zutog,"Stupe - Srednje, Ilijas 71380 Bosnia and Herzegovina",5.0 ,NONE,18.428607,43.9940973
Restoran Orijent,"Sarajevska cesta broj 1, Kiseljak 71250 Bosnia and Herzegovina",4.0 ,"European, Grill, Diner, Croatian",18.0823736,43.937509
Restoran Kamin,"Ka telanska 37, Kiseljak 71250 Bosnia and Herzegovina",5.0 ,"Seafood, European, Deli, Grill",18.0786274,43.9399783
Lucky Pub Visoko,"Stari Zanatski Centar Bb, Visoko 71300 Bosnia and Herzegovina",NONE,NONE,18.1798837,43.98876509999999
Caribou Coffee,"Dr. Džananovića 2, Visoko 71300 Bosnia and Herzegovina",NONE,NONE,18.1819936,43.98980239999999
Lucky Pub,"Stari Zanatski Centar, Nekadasnji Pulpitum, Visoko 71300 Bosnia and Herzegovina",NONE,NONE,18.1798837,43.98876509999999
Chilli,"Branilaca, Visoko 71300 Bosnia and Herzegovina",NONE,NONE,18.1765475,43.9930734
Rajska Vrata,"Olimpijska 41 Olimpijska 41 Jahorina, Jahorina 71423 Bosnia and Herzegovina",4.5 ,"Barbecue, European, Eastern European",18.5635638,43.7385239
Ski Caffe Peggy,"Jahorina bb, Jahorina 71423 Bosnia and Herzegovina",4.0 ,NONE,18.5635638,43.7385239
Koliba,"Poljice bb, Jahorina 71423 Bosnia and Herzegovina",4.0 ,"Eastern European, European",18.5635638,43.7385239
Le Select,"Milosa Crnjanoskog, Jahorina 71423 Bosnia and Herzegovina",4.5 ,"Seafood, International",18.5635638,43.7385239
Olimpijski Bar,"Olimpijska 44, Jahorina 71423 Bosnia and Herzegovina",4.5 ,NONE,18.5635638,43.7385239
Caffe Restaurant Baza Jahorina,"Olimpijska 12, Jahorina 71423 Bosnia and Herzegovina",4.5 ,"Breakfast, Lunch, Dinner, Brunch, Late Night, Drinks",18.5635638,43.7385239
Caffe Restaurant Peggy,"Obucaina Bare 92, Jahorina 71423 Bosnia and Herzegovina",4.5 ,NONE,18.5635638,43.7385239
Dvosjed Jahorina,"Olimpijska Bb, Jahorina 71423 Bosnia and Herzegovina",4.5 ,NONE,18.5635638,43.7385239
Baza Jahorina - Caffe Restoran,"Olimpijska 12, Jahorina 71423 Bosnia and Herzegovina",5.0 ,"Breakfast, Lunch, Dinner",18.5635638,43.7385239
Vrelo Miljacke,"Vrelo Miljacke 49, Pale 71420 Bosnia and Herzegovina",3.5 ,NONE,18.5722214,43.7898326
Restoran Gondola,"Jahorinski potok bb, Pale 71420 Bosnia and Herzegovina",5.0 ,"Breakfast, Lunch, Dinner, Brunch, Late Night, Drinks",18.60573699617506,43.78520531583066
Al Parco Ristorante,"Zmaj Jovina 17, Lukavica Bosnia and Herzegovina",4.5 ,NONE,18.3620341,43.8215598
Domino cafe-restoran,"Alekse Santica, Pale 71420 Bosnia and Herzegovina",5.0 ,NONE,18.5724118,43.8120693
Cajdzinica Dzirlo-Tea House,"Street Kovaci Cilcma 6, Sarajevo 71102 Bosnia and Herzegovina",5.0 ,"Late Night, Drinks",18.4325262,43.8606666
Cevabdzinica Nune,"Ferhadija 12, Sarajevo 71000 Bosnia and Herzegovina",5.0 ,"Barbecue, Eastern European, Bar, European",18.4233359,43.8584429
Franz & Sophie World of Tea,"Petrakijina 6, Sarajevo 71000 Bosnia and Herzegovina",5.0 ,"Takeout, Reservations, Seating, Street Parking, Free off-street parking, Wheelchair Accessible, Accepts American Express, Accepts Mastercard, Accepts Visa, Free Wifi, Accepts Discover, Accepts Credit Cards, Table Service",18.4241918,43.8604286
Falafel Restaurant,"Đulagina Čikma 2 Bascarsija, Old Town, Sarajevo 71000 Bosnia and Herzegovina",4.5 ,"Vegetarian Friendly, Vegan Options, Halal, Gluten Free Options",18.4297416,43.85955060000001
Klopa,"Trg fra Grge Martica 4, Sarajevo 71000 Bosnia and Herzegovina",4.5 ,NONE,18.4252068,43.8591361
Dveri,"Prote Bakovica 12, Sarajevo 71000 Bosnia and Herzegovina",4.5 ,"European, Eastern European, International",18.4304096,43.8596137
Tavola,"Marsala Tita 50, Sarajevo 71000 Bosnia and Herzegovina",4.5 ,"Italian, Mediterranean, European, Central European",18.4199437,43.8587373
Cakum Pakum,"Kaptol 10, Sarajevo 71000 Bosnia and Herzegovina",5.0 ,NONE,18.4219855,43.85965729999999
Zara iz duvara . The Singing Nettle,"Petrakijina 1, BA, Sarajevo 71000 Bosnia and Herzegovina",4.5 ,"Eastern European, Healthy, Medicinal foods",18.424541,43.8603278
Buregdzinica Sac,"Mali Bravadziluk 2, Sarajevo 71000 Bosnia and Herzegovina",4.5 ,Eastern European,18.4305166,43.8599131
To Be Or Not To Be,"Čizmedžiluk 5, Baščaršija, Baščaršija, Sarajevo 71000 Bosnia and Herzegovina",4.5 ,"Vegetarian Friendly, Vegan Options, Gluten Free Options",18.4296098,43.8590294
Buregdzinica Bosna,"Bravadziluk Old Town, Sarajevo Bosnia and Herzegovina",4.5 ,"Vegetarian Friendly, Halal",18.4317085,43.8589979
Rahatlook,"Ferhadija 41, Sarajevo 71000 Bosnia and Herzegovina",5.0 ,Vegetarian Friendly,18.4278462,43.859552
Karuzo,"Dzenetica Cikma BB, Sarajevo 71000 Bosnia and Herzegovina",4.5 ,"Vegetarian Friendly, Vegan Options, Gluten Free Options",18.4234808,43.8598928
Petica Cevabzinica,"Bravadžiluk 21, Sarajevo 71000 Bosnia and Herzegovina",4.5 ,Halal,18.4322125,43.8590143
Mala Kuhinja,"Tina Ujevica 13 Tin Ujevic Br 13, Sarajevo 71000 Bosnia and Herzegovina",4.5 ,"European, Asian, Fusion",18.4179168,43.8610456
Cevabdzinica Zeljo,"Kundurdžiluk, Sarajevo Bosnia and Herzegovina",4.5 ,"Fast Food, Barbecue, Eastern European",18.4294833,43.8585532
Kruna,"Kralja Petra I 13, Visegrad 73240 Bosnia and Herzegovina",4.5 ,"Dinner, Breakfast, Lunch",19.2934518,43.78344990000001
Visegradska Kafana Anika,"Ive Andrica 36, Visegrad 73240 Bosnia and Herzegovina",4.0 ,Vegetarian Friendly,19.2907798,43.7863542
Zlatna Moruna,"Ulica Mlade Bosne, Visegrad 73240 Bosnia and Herzegovina",4.5 ,"Reservations, Table Service, Seating",19.2933828,43.7850274
Ćevabdzinica Kasaba,"Andricgrad Bb, Visegrad 73240 Bosnia and Herzegovina",3.5 ,"Barbecue, Eastern European",19.2941025,43.7861347
Restoran Mandić,"Vojvode Stepe 88A, Visegrad 73240 Bosnia and Herzegovina",4.5 ,Reservations,19.2950365,43.7933253
Belverde,"Druge Podrinjske Brigade 42A, Visegrad 73240 Bosnia and Herzegovina",5.0 ,NONE,19.2904093,43.7829147
Carev Most,"Donji Dobrun Bb, Visegrad 73240 Bosnia and Herzegovina",5.0 ,NONE,19.4038337,43.7502796
Caffe Pizzeria SPORT,"Trg palih boraca, Visegrad 73240 Bosnia and Herzegovina",3.5 ,NONE,19.2898543,43.7820506
Restaurant Vilina Vlas,"Visegradska Banja, Visegrad 73240 Bosnia and Herzegovina",3.5 ,NONE,19.3098429,43.8185259
Poslasticarnica Andricgrad,"Mlada Bosna Street Andricgrad, Visegrad 73240 Bosnia and Herzegovina",3.0 ,NONE,19.2941025,43.7861347
intermezzocaffe,"Trg Palih boraca 5, Visegrad 73240 Bosnia and Herzegovina",NONE,"Breakfast, Brunch, Drinks",19.2896458,43.7819967
Restoran Ušće Višegrad,"Ive Andrića bb, Višegrad, Visegrad 73240 Bosnia and Herzegovina",NONE,"Breakfast, Lunch, Dinner",19.2903351,43.7856303
